[
  {
    "id": "1a35b0d4-140d-46f3-ac83-0fa61774df0c",
    "data": [
      {
        "text": "“Who is eligible?”\n \n “Can a ",
        "userDefined": false
      },
      {
        "text": "1st",
        "meta": "@sys.email",
        "alias": "email",
        "userDefined": false
      },
      {
        "text": "-year student apply?”\n \n “What are the qualifications?”",
        "userDefined": false
      }
    ],
    "isTemplate": false,
    "count": 0,
    "lang": "en",
    "updated": 0
  }
]