[
  {
    "id": "77e0ac72-a7c1-4289-89a0-52db70588900",
    "data": [
      {
        "text": "“I want to schedule an internship”\n \n “Schedule internship for ",
        "userDefined": false
      },
      {
        "text": "next week",
        "meta": "@sys.date-period",
        "alias": "date-period",
        "userDefined": false
      },
      {
        "text": "”\n \n “Can I set up internship meeting ",
        "userDefined": false
      },
      {
        "text": "tomorrow at 3 PM",
        "meta": "@sys.date-time",
        "alias": "date-time",
        "userDefined": false
      },
      {
        "text": "?”",
        "userDefined": false
      }
    ],
    "isTemplate": false,
    "count": 0,
    "lang": "en",
    "updated": 0
  }
]